{"cameraMode":{"drawMode":0,"name":"Shaded","section":"Shading Mode"},"sceneLighting":false,"audioPlay":false,"sceneViewState":{"showFog":true,"showMaterialUpdate":false,"showSkybox":true,"showFlares":true,"showImageEffects":true,"showParticleSystems":true},"in2DMode":false,"pivot":{"x":-3.667171001434326,"y":1.0359464883804322,"z":19.255664825439454},"rotation":{"x":-0.025100823491811754,"y":0.8189657330513,"z":-0.03589102625846863,"w":-0.5722487568855286},"size":5.886580467224121,"orthographic":false}