{"cameraMode":{"drawMode":0,"name":"Shaded","section":"Shading Mode"},"sceneLighting":false,"audioPlay":false,"sceneViewState":{"showFog":true,"showMaterialUpdate":false,"showSkybox":true,"showFlares":true,"showImageEffects":true,"showParticleSystems":true},"in2DMode":false,"pivot":{"x":26.655452728271486,"y":1.5323903560638428,"z":16.9420166015625},"rotation":{"x":-0.22404326498508454,"y":-0.2748290002346039,"z":0.0652908906340599,"w":-0.9327641725540161},"size":0.38344722986221316,"orthographic":false}