{"cameraMode":{"drawMode":0,"name":"Shaded","section":"Shading Mode"},"sceneLighting":false,"audioPlay":false,"sceneViewState":{"showFog":true,"showMaterialUpdate":false,"showSkybox":true,"showFlares":true,"showImageEffects":true,"showParticleSystems":true},"in2DMode":false,"pivot":{"x":15.64744758605957,"y":4.2892937660217289,"z":23.200851440429689},"rotation":{"x":0.09625628590583801,"y":0.4279530644416809,"z":-0.04586092382669449,"w":0.8976603150367737},"size":25.006134033203126,"orthographic":false}