{"cameraMode":{"drawMode":0,"name":"Shaded","section":"Shading Mode"},"sceneLighting":false,"audioPlay":false,"sceneViewState":{"showFog":true,"showMaterialUpdate":false,"showSkybox":true,"showFlares":true,"showImageEffects":true,"showParticleSystems":true},"in2DMode":false,"pivot":{"x":-0.33989429473876955,"y":2.200413227081299,"z":7.7081427574157719},"rotation":{"x":0.026263944804668428,"y":0.8667706847190857,"z":-0.04579637944698334,"w":0.49619871377944949},"size":7.5619964599609379,"orthographic":false}