{"cameraMode":{"drawMode":0,"name":"Shaded","section":"Shading Mode"},"sceneLighting":false,"audioPlay":false,"sceneViewState":{"showFog":true,"showMaterialUpdate":false,"showSkybox":true,"showFlares":true,"showImageEffects":true,"showParticleSystems":true},"in2DMode":false,"pivot":{"x":-289.31427001953127,"y":-130.13206481933595,"z":80.65296173095703},"rotation":{"x":-0.17104025185108186,"y":0.5899368524551392,"z":-0.1297450065612793,"w":-0.7787166833877564},"size":197.9054718017578,"orthographic":false}