{"cameraMode":{"drawMode":0,"name":"Shaded","section":"Shading Mode"},"sceneLighting":false,"audioPlay":false,"sceneViewState":{"showFog":true,"showMaterialUpdate":false,"showSkybox":true,"showFlares":true,"showImageEffects":true,"showParticleSystems":true},"in2DMode":false,"pivot":{"x":-225.83290100097657,"y":-145.69102478027345,"z":189.2876434326172},"rotation":{"x":-0.21395544707775117,"y":0.42548254132270815,"z":-0.10439399629831314,"w":-0.873386800289154},"size":186.33689880371095,"orthographic":false}