{"cameraMode":{"drawMode":0,"name":"Shaded","section":"Shading Mode"},"sceneLighting":false,"audioPlay":false,"sceneViewState":{"showFog":true,"showMaterialUpdate":false,"showSkybox":true,"showFlares":true,"showImageEffects":true,"showParticleSystems":true},"in2DMode":false,"pivot":{"x":87.98697662353516,"y":-82.35198974609375,"z":159.18067932128907},"rotation":{"x":-0.22404326498508454,"y":-0.2748290002346039,"z":0.0652908906340599,"w":-0.9327641725540161},"size":108.27832794189453,"orthographic":false}