{"cameraMode":{"drawMode":0,"name":"Shaded","section":"Shading Mode"},"sceneLighting":false,"audioPlay":false,"sceneViewState":{"showFog":true,"showMaterialUpdate":false,"showSkybox":true,"showFlares":true,"showImageEffects":true,"showParticleSystems":true},"in2DMode":false,"pivot":{"x":101.61224365234375,"y":-106.56582641601563,"z":-38.68682098388672},"rotation":{"x":-0.19155532121658326,"y":-0.7947710752487183,"z":0.3158982992172241,"w":-0.4820080101490021},"size":98.61021423339844,"orthographic":false}