{"cameraMode":{"drawMode":0,"name":"Shaded","section":"Shading Mode"},"sceneLighting":false,"audioPlay":false,"sceneViewState":{"showFog":true,"showMaterialUpdate":false,"showSkybox":true,"showFlares":true,"showImageEffects":true,"showParticleSystems":true},"in2DMode":false,"pivot":{"x":286.8433532714844,"y":-215.9713897705078,"z":66.07051849365235},"rotation":{"x":0.2496560961008072,"y":0.6046908497810364,"z":-0.20717741549015046,"w":0.7277610301971436},"size":186.33689880371095,"orthographic":false}